placement_status,placement_prediction,Cluster,PC1,PC2
Placed,1,3,4.031435782356534,-0.8320565567754272
Not Placed,0,0,-2.8319823944807285,0.256633834472897
Placed,1,0,2.552660284907168,0.7860807142750669
Placed,1,0,1.0998783126809952,1.3367910442658533
Placed,1,0,0.46030619910408743,0.9714422580311058
Not Placed,0,1,-0.8021219424801291,-2.7857493591345657
Not Placed,0,0,-0.42497071941516995,0.8967496298923326
Not Placed,0,0,-1.8237732808648934,0.8546907342238227
Not Placed,0,1,-0.3220341349711326,-0.1287151534653337
Placed,1,0,0.5190725371710513,0.8835594896387929
Placed,1,0,0.7727008173803473,0.8660377174298943
Placed,1,1,1.4607079355812258,-1.8632228827984754
Not Placed,0,0,-1.6137834578591468,-0.4876480126113186
Not Placed,0,1,-1.5050612251800302,-2.4258050383589427
Not Placed,0,0,-1.3273135411811436,1.4039330077495284
Placed,1,0,-0.9265084622321953,1.1656554569740496
Placed,1,1,0.4003218976092217,-0.1047071696977731
Not Placed,0,2,-2.085817152829158,1.2628866444163067
Placed,1,3,3.859282914169856,-0.6513737081023626
Not Placed,0,1,-1.5544976834385376,-0.6954561756837634
Placed,1,3,2.500912242504519,-0.4468813704989883
Placed,1,0,0.18478055720971,-1.3500749078246264
Placed,1,3,1.3649544190740273,0.6290765117186787
Not Placed,0,3,1.5210495121288554,-0.5588599564871667
Not Placed,0,1,-0.8229770714835578,-1.0601275919100803
Placed,1,0,3.436580067538601,1.7337638026281794
Not Placed,0,2,-10.503973288952505,-7.44719523670362
Placed,1,3,1.5835533825262553,-1.372508559165302
Placed,1,1,0.5083059430042787,-0.417511878114271
Not Placed,0,3,0.5927954176796172,-0.20466293422150353
Placed,1,3,3.844598379077594,-0.9051861748692036
Not Placed,0,2,-2.7815745675468286,1.0042718587062505
Not Placed,0,3,1.4141719201161678,0.16529565688797068
Placed,1,3,2.6343585378717895,-1.0360452294265976
Not Placed,0,2,-3.3626049388343224,0.01598184235807411
Not Placed,0,1,-1.2020625727635121,-0.12583320470099846
Not Placed,0,1,-0.3978532413523984,-0.7770552995934298
Not Placed,0,0,-1.433599209567146,0.6273052596248949
Not Placed,0,1,-2.2122671258210986,-1.8119258244255567
Not Placed,0,0,-0.5568772055993514,1.738177244581894
Not Placed,0,0,-2.1419966505876604,0.007556336361654758
Not Placed,0,1,0.00694173414958087,-2.2581515980273834
Not Placed,0,2,-2.802821891416676,0.5199636654147962
Not Placed,0,0,-3.3883194551138556,0.525122894702039
Placed,1,3,1.884931726184898,1.0646275786767545
Placed,1,0,-0.3807287165662316,1.8327552918129513
Not Placed,0,1,-0.2961203777842584,0.1320195706789277
Not Placed,0,2,-4.303141694068421,-1.8881571972428493
Placed,1,1,-0.549593975220942,0.9064888076297833
Not Placed,0,3,0.09933111624134275,-2.25240823121477
Not Placed,0,0,-0.5088957241288281,2.0117256516025175
Not Placed,0,1,-0.1999709683733675,0.7635105009575653
Not Placed,0,2,-2.8805778954506547,0.9532288361708248
Not Placed,0,0,-1.749967036419728,1.7679195529884475
Not Placed,0,1,-1.4833717973232814,-1.2632281130664642
Placed,1,1,1.1769224886601204,0.08354449663360071
Placed,1,1,1.457366735338402,0.4723823448901137
Placed,1,0,0.10320513849875305,1.3881185243693928
Not Placed,0,2,-2.3647372661956703,0.5750577565774082
Not Placed,0,0,-0.18314600845920653,0.34200889960044073
Placed,1,0,1.8018390934947168,0.8145047058477881
Placed,1,3,1.3478761830557286,-1.0660776125358946
Not Placed,0,0,-1.6712621241705785,0.015737025678535663
Placed,1,3,2.6175091022167645,-1.8987117891451573
Not Placed,0,1,-0.7709130151581077,-0.1490514923010226
Not Placed,0,2,-2.5952254413218063,-0.6682998844559765
Placed,1,3,1.9846296673126336,-1.385992376170951
Not Placed,0,0,-0.9542797885143639,2.2481033375728514
Placed,1,0,-0.24593682273783388,2.297695356034417
Not Placed,0,1,-2.204440849765433,-1.5967774249912592
Not Placed,0,1,-0.4592389879444842,-1.231761873652242
Not Placed,0,1,-0.46233946501305684,-1.5869193924899878
Not Placed,0,0,-2.262847380101978,0.8783253944065541
Placed,1,0,2.34153907402674,0.3009492042449591
Not Placed,0,3,1.6025923739062449,-2.5325883679181858
Placed,1,0,0.4269347578032694,1.7581070502010994
Not Placed,0,0,-0.7834293228244418,0.4581621849846201
Not Placed,0,0,-1.1855777301721502,0.7634547487596778
Placed,1,0,1.5680591934329924,0.2387683156780282
Not Placed,0,2,-3.00776207661742,0.07031972380077532
Not Placed,0,1,-0.18323318354673684,-1.532760169337475
Placed,1,1,1.450720610200024,-0.44122171007283617
Placed,1,3,1.3283107925271438,-1.1443494998475794
Placed,1,3,3.028834193459085,0.6335933327931716
Placed,1,3,3.5075251120526123,0.6029972039206738
Not Placed,0,0,-0.19326091523088396,0.8817935782202125
Placed,1,0,0.2029224718442099,-0.9776851600804897
Not Placed,0,1,1.669052580426076,-1.3102513940637412
Not Placed,0,2,-2.861946074477,0.6811014758613303
Not Placed,0,1,1.295015155373174,0.4236869951491749
Placed,1,0,1.4874718279299097,0.8996492117808601
Not Placed,0,0,-0.35114620050099593,0.6619979172284055
Not Placed,0,1,0.6350486944878571,-0.11079583526996893
Placed,1,0,-0.36454291205598366,2.31150109334599
Not Placed,0,2,-2.7348179925242597,0.9711397575268882
Not Placed,0,2,-1.4488805524521184,0.22185867307223292
Placed,1,3,1.5065993833466402,-1.797977255688525
Not Placed,0,1,-1.0987548832989038,-0.46613912123236667
Placed,1,3,3.1352767284613403,0.3492454471998342
Not Placed,0,1,0.035247545794848074,-1.9852058605320835
Placed,1,3,1.202491526814529,1.231228968632747
Placed,1,3,0.6706932916222502,-1.2861859657351908
Not Placed,0,2,-1.7199285166406373,-1.9593855499888317
Not Placed,0,2,-1.4230791168261694,-0.02115176344962867
Not Placed,0,0,-2.211944985571882,0.8258229461332677
Placed,1,1,0.9542838776274418,0.01062930490637949
Placed,1,3,2.4535472748126006,0.14790870033670636
Placed,1,0,1.5120725289455434,1.3462106465840908
Not Placed,0,1,-0.07890736923610328,-1.1068583262075093
Placed,1,3,3.985131335232505,-0.160900386009893
Placed,1,3,3.694319607776552,-0.9500337673050948
Placed,1,1,0.7529470707793479,-0.5121494448890794
Not Placed,0,0,-2.454768868313747,1.882411086263077
Placed,1,3,0.45803566257686623,-0.7804343017981815
Placed,1,0,1.536665877379774,1.8221316226029254
Not Placed,0,0,-1.2675774993796862,0.7935643918219489
Not Placed,0,1,-0.9721443855485721,-0.8876931564799221
Not Placed,0,1,-1.3620984445460687,-2.3751185060627296
Placed,1,3,1.5909715250741137,-1.1909569384015033
Placed,1,0,-0.07595439185845414,-0.60694512233237
Not Placed,0,0,-1.7499812374880113,1.6477513245743272
Placed,1,3,1.8827311855614735,-1.2376018027835778
Placed,1,3,2.0162303498815506,-1.2618879421177416
Placed,1,0,0.13045166889316723,2.1742881351144963
Not Placed,0,0,-2.3225716695690806,1.3513988486527493
Not Placed,0,0,-0.7045273152528682,1.1777905161064182
Not Placed,0,0,0.6163266540157719,-0.31371165096944503
Not Placed,0,0,-1.4621015065018872,0.7561501748540108
Placed,1,3,3.4487977179926106,-0.304037434868813
Placed,1,0,0.5802471503150265,-0.1347507663895832
Not Placed,0,2,-3.360006848491858,-0.981587374267553
Placed,1,3,4.7377011431876985,-0.33280680949793817
Placed,1,0,2.196319953676039,2.4702259726447466
Placed,1,3,1.7258634287172459,-1.5085703375704944
Not Placed,0,1,-0.6747485231397294,0.0397763835330245
Placed,1,0,1.3049674145991035,2.8115158391870265
Not Placed,0,0,-0.04223632104695419,1.3458206570054654
Placed,1,3,2.029136927718419,-0.6308101202910705
Not Placed,0,0,-2.684244692559891,0.4205884567709038
Not Placed,0,2,-1.7811674475917876,-1.00962776324745
Placed,1,1,0.20468941286313808,0.9752985632337705
Placed,1,0,0.19409112801309222,0.884329784990478
Not Placed,0,0,-3.16791254530812,0.9102513990538149
Placed,1,3,2.5374574850876446,1.728092998442147
Placed,1,3,1.7552018777330016,-0.05600806851627497
Not Placed,0,3,2.7390111407672713,-2.168867451526724
Not Placed,0,0,-3.340943545709861,0.7965158233607564
Placed,1,3,2.65875281352956,-1.6344238134949562
Placed,1,3,3.4748570554142986,-1.1782634846895685
Placed,1,1,1.9738281713830745,-0.5274305307415215
Not Placed,0,0,-0.10628320936655049,0.5761108177482744
Not Placed,0,1,-1.3773862309009341,0.1591457211537507
Placed,1,0,-0.20732463804351028,1.098529761542872
Not Placed,0,0,-1.575214263464831,0.9327650386884011
Not Placed,0,0,0.6201089940633576,0.6429353459401517
Not Placed,0,3,2.541554801316056,-0.4877021138262355
Not Placed,0,2,-2.3600541319284907,0.6057695896948159
Not Placed,0,0,-1.0492653681642532,0.2531857307904827
Placed,1,0,-0.7889601618828578,0.7521325466305875
Not Placed,0,0,-0.6614676055581427,0.35417548399343446
Not Placed,0,0,0.23350708575270984,0.535967870057589
Not Placed,0,0,-1.442373614417884,-0.054736454717111256
Not Placed,0,0,-1.1390511238728755,0.08663891478433881
Not Placed,0,2,-2.718133854146809,-1.024531152092739
Placed,1,3,4.084447297174786,-0.9325524887645201
Not Placed,0,0,-1.388392379571855,0.4876704333179582
Placed,1,2,-2.143477220844008,-1.2707742513202684
Not Placed,0,3,1.5823618421414205,-2.452902027801526
Not Placed,0,1,-2.66048561477728,0.23617340250884525
Placed,1,3,2.4703884384698696,-0.4122582920585674
Placed,1,1,0.9155855653563878,-1.454405115359882
Not Placed,0,2,-1.7880092106960954,0.29822639684395597
Placed,1,0,-0.0019010385671639153,1.7357946754168474
Placed,1,3,2.936751490449504,0.36978226640646894
Not Placed,0,0,-0.40508281796811574,0.007715513651145834
Placed,1,0,0.9931971607358304,2.7196526195741746
Placed,1,3,3.738782341580044,0.8739350721845458
Not Placed,0,2,-3.2961299818729004,-0.7484893777841426
Not Placed,0,1,0.018067024634674,-0.8538776755031132
Not Placed,0,0,-0.9060957014769777,0.456874063335728
Placed,1,3,3.0723935303831085,-0.6149386156578078
Placed,1,0,1.9163481810434748,0.3547747170411287
Not Placed,0,1,-0.28443648633620605,-0.9204844630869807
Placed,1,3,4.254327746469767,-3.3741616198044064
Not Placed,0,0,-2.6004613294425525,0.29817776046030076
Not Placed,0,3,0.03928901498255603,-1.3129348603666031
Placed,1,0,0.2832550999527984,0.8763658387328751
Not Placed,0,0,0.2785235812800498,0.5094055771387133
Not Placed,0,1,-1.1375575060549283,-0.7387166915757312
Placed,1,0,1.643057165482134,0.3964552429200759
Not Placed,0,0,-2.2097339400964793,1.5251640347024165
Not Placed,0,3,2.3529362789723898,-1.236714196622994
Not Placed,0,1,-0.6261046055097287,0.05320024892179439
Placed,1,0,0.9297021274273475,1.9143491853218402
Placed,1,0,1.8306199162984336,1.0066599289966396
Placed,1,1,1.3676604790938571,-0.9034249960425914
Placed,1,0,-0.22070678870250846,2.4516778214490813
Not Placed,0,1,-0.38903174067894064,-0.21301124851253705
Not Placed,0,1,-1.3132706765322764,1.5368760572707292
Placed,1,3,2.2335146468470635,-0.3111295602939512
Not Placed,0,0,-3.02837838120705,2.308988850928501
Not Placed,0,1,0.6901403595298095,-1.9864010948947606
Placed,1,1,1.0928098504977046,0.4113522286112766
Placed,1,3,3.2175572910742267,-0.23389334103455686
Placed,1,3,2.30632302760593,0.853629918189134
Not Placed,0,1,-1.0800491291233665,-0.9770406967408343
Not Placed,0,0,-0.07024766874058018,0.3902411741496186
Placed,1,0,0.5365729153898109,0.09356491072149535
Not Placed,0,0,-1.682820653163451,0.6703580462786505
Not Placed,0,0,-2.5906753436628653,0.6663541159326711
Not Placed,0,2,-2.845908316525252,-0.04845560834770838
Placed,1,3,4.0650548055663736,2.489835102814766
Placed,1,0,1.2624990199266717,0.22638668782265878
Placed,1,3,1.7733308326692885,0.10954300762427707
Placed,1,3,1.8115429074176868,-1.2914380945648258
Not Placed,0,0,-1.966853940938604,0.5008738111999795
Not Placed,0,1,-1.2060534630489728,-0.5687354444369981
Not Placed,0,2,-2.2916328885100437,-0.4299074325461305
Placed,1,3,1.9029891545401172,-0.8035147867668864
Placed,1,0,1.3423755783619538,2.297247828885211
Placed,1,0,-0.9259771765829269,1.436582156140457
Not Placed,0,1,1.6451424327509145,-1.0348053801513657
Placed,1,0,2.2337660525512613,0.5507677259635061
Not Placed,0,2,-2.4732115246342454,-1.5021491893090557
Placed,1,1,-0.24393443155405767,0.7170397440895026
Placed,1,3,1.7996657539345253,-1.280381225278478
Placed,1,0,-0.21132304319553039,-0.08249624421025338
Placed,1,1,0.9593355800427654,0.9770354919013728
Not Placed,0,2,-1.7093999997189215,0.3528397013966464
Not Placed,0,0,-0.5220490745430183,1.5519894392366016
Placed,1,3,2.030888552893742,-1.6490196018469792
Not Placed,0,1,0.27145944952698486,0.7663085298157845
Not Placed,0,1,-0.41533675101249645,0.6351450968397732
Placed,1,3,3.593400758638644,0.8274622203240142
Not Placed,0,1,-0.8465194848295969,-1.4112396282435848
Placed,1,3,1.2412856464452042,-0.9942690241741043
Not Placed,0,0,-2.3587074861161854,1.2065251046360335
Placed,1,3,0.6628857822585864,-0.9493965995352109
Placed,1,3,2.7699714355037472,1.116535668992091
Placed,1,0,1.1738889223412876,1.9134747413193223
Not Placed,0,0,-1.987078089122,2.0737272913792824
Placed,1,0,1.2021428725088597,1.9009840361192278
Not Placed,0,1,0.7142480717427532,-0.1590414296126409
Not Placed,0,1,-0.6328945147890122,-1.1389087409327256
Not Placed,0,3,0.5783245443993618,-1.0053993865829327
Not Placed,0,1,-1.6671192536406876,-1.1391854982291667
Placed,1,0,0.1199609510063881,0.2617429052658405
Placed,1,3,3.7025009566415767,-0.4567765903042617
Not Placed,0,0,-0.4530177901327838,-0.22570834731248227
Placed,1,3,3.9907763589590033,-1.099688117447743
Not Placed,0,1,-2.1336401625072514,-1.2222384549533958
Placed,1,0,1.1874498624002563,1.635001210789611
Placed,1,0,2.420380807717629,0.605313714070161
Not Placed,0,0,0.41621585332510763,0.4172051847978158
Not Placed,0,0,-0.2882459908269487,0.13971501537712627
Not Placed,0,2,-3.3844554380713565,-0.7486115997287218
Placed,1,3,2.6920973620654367,-0.6404426567280828
Placed,1,1,-0.12323727738089858,-0.9839415839045587
Not Placed,0,3,2.3464460261116438,-1.2953384221683326
Not Placed,0,0,-2.2684457887575054,-0.411849023909205
Not Placed,0,1,0.06431258968023852,-0.6358561507158161
Not Placed,0,0,-1.463452609662305,2.0542011698520333
Not Placed,0,1,0.3961919100735715,-0.4380229561391168
Not Placed,0,0,0.43660693152435304,0.501149779649546
Not Placed,0,0,-0.9112932031159312,0.9976640561190542
Placed,1,1,-0.23035931140623342,-1.4156072070958452
Placed,1,0,0.6516257473778164,1.8771331657674883
Placed,1,0,1.3092808253645811,0.34524823835482665
Placed,1,0,1.8051363189898557,1.1884564194167213
Placed,1,0,3.5550672880638183,0.8840827588075215
Placed,1,0,-0.19517500960998874,1.7803207165850337
Placed,1,0,-0.562768889274832,0.8744328089929618
Placed,1,0,-0.23593363958401295,0.9485954633590824
Not Placed,0,2,-3.9683379837386346,-0.1151224674865964
Not Placed,0,3,0.17845197778666072,-2.299467185986172
Not Placed,0,0,-0.9106925314429699,1.8100622016315306
Not Placed,0,0,-0.5277373173360789,3.6939495902963655
Placed,1,0,1.077513478812171,0.17433865838418625
Not Placed,0,1,-0.9026942712249225,-1.67238118471231
Placed,1,3,2.9557242063259332,1.7157521517970926
Not Placed,0,2,-2.1974440269601923,0.4895127358336955
Placed,1,3,3.857088017005609,-0.0858898914012545
Placed,1,3,2.779772052043859,-0.525639608616357
Placed,1,0,-0.8991031442760926,1.4950315832842436
Not Placed,0,0,-0.6360952016017195,1.2283310331156916
Not Placed,0,0,-0.3892537543653473,2.1147681159420912
Not Placed,0,1,-0.48797836972676667,-1.6509622908458501
Not Placed,0,1,-0.5301995640051147,-1.6988908480804927
Not Placed,0,1,0.10476462134774972,-0.933790851178305
Placed,1,0,0.8271030928175004,2.2467695253775686
Not Placed,0,0,-3.2442631526711208,0.5646301614660189
Placed,1,3,1.3969365132546634,-1.2963856285727482
Not Placed,0,0,-2.385988537167537,1.0004062020081685
Not Placed,0,0,0.37461574751986093,-0.1968240379739522
Placed,1,0,0.5111614487413672,1.1668147715902464
Not Placed,0,1,-0.6251639563434542,-0.2193401841710837
Placed,1,0,1.060698097286587,-0.671862992520554
Placed,1,3,4.00008243778914,0.5728348830385861
Not Placed,0,1,-0.057676418146942084,-1.998780721811693
Placed,1,0,1.8020095753937098,1.4021016531409982
Not Placed,0,2,-2.108958584257575,1.0533624896958718
Not Placed,0,3,0.7154470097482715,-0.5230656034216126
Not Placed,0,2,-2.3213853337011194,-0.5651281915720212
Placed,1,3,1.71321355897268,0.015482188098205818
Placed,1,3,1.5535013175511245,-1.7496326724929392
Not Placed,0,1,-1.4195879144830164,-1.8737104006445016
Not Placed,0,1,0.4606184260276126,-0.42777341336907626
Placed,1,3,0.9609666319648736,-0.055574909338216495
Not Placed,0,0,-0.24856561890480125,2.2233620333378914
Not Placed,0,0,0.015485799948385464,1.1692184600430007
Not Placed,0,0,-1.9920647612272726,1.02976987590051
Not Placed,0,1,-0.4298071617153222,-1.7369864115189735
Placed,1,3,2.9779953992709536,-1.2841805375533633
Not Placed,0,2,-1.9323497227228479,0.0112128479845766
Not Placed,0,0,-0.7451092620430704,-0.7188833406303153
Not Placed,0,1,-1.530577631552646,-1.741972777581719
Not Placed,0,3,-0.10163786208077098,-1.8815768705848759
Not Placed,0,1,-1.4537015208902966,-0.21234567507401897
Placed,1,3,0.9748655475612439,-0.9104854301254817
Placed,1,2,-1.7542104818820425,-0.8388100050403899
Not Placed,0,2,-2.6130866757445537,-1.098429242717408
Placed,1,0,0.4941095312728884,1.5490752926758662
Placed,1,0,1.2751202827598318,0.7436398822430376
Placed,1,3,2.4298502915112916,1.3255691337178843
Not Placed,0,2,-2.954922151818192,-0.9242130652065851
Not Placed,0,0,-2.6799400191585585,1.9732524411676324
Not Placed,0,0,-1.0994817909566323,0.10409489286156402
Not Placed,0,0,-1.5400026431043246,0.9255449151321626
Not Placed,0,1,-0.059884498360772,-0.5908866952442573
Not Placed,0,2,-3.228911857014603,0.07959338415560671
Not Placed,0,0,-1.024320069892254,-0.9472842593887135
Placed,1,0,-1.4748534062904044,3.2251492370050787
Placed,1,0,-0.8810210787414536,0.4648962815788368
Placed,1,0,-0.9201977010654956,-1.704472907348353
Not Placed,0,0,-0.7909289822641306,1.6905923934349627
Not Placed,0,0,-1.2433757046866687,-0.45176778735794954
Not Placed,0,0,0.81801351125266,0.7850244908296673
Placed,1,3,4.179258367170691,-0.9861015468492311
Not Placed,0,1,-0.5037483524925292,-0.13085014582393253
Not Placed,0,0,-3.2415942370809856,1.079956198155092
Placed,1,0,-0.03181931277834044,0.6745956064606634
Not Placed,0,0,0.5957398418493128,0.8653183220360299
Not Placed,0,2,-3.692937236823835,-1.7040247583842192
Placed,1,0,3.20351173701103,1.8246932776540024
Not Placed,0,0,-0.014391209926443955,0.6708713104856825
Not Placed,0,0,0.7746192514416591,0.947787985106352
Placed,1,3,2.474914412573711,-2.362956722132074
Not Placed,0,0,-1.2793492720504966,3.1830501936543785
Placed,1,3,1.6526258671760512,0.41209829390892705
Placed,1,1,-0.36908870064397475,1.399173614450092
Placed,1,3,0.36113176649748385,2.1692606982386793
Not Placed,0,0,-2.618662989520603,2.2060372536731743
Placed,1,3,2.4384703650152546,-0.29038748364820977
Placed,1,1,-0.375245159000501,-1.2892352853219462
Placed,1,0,2.788005707923408,3.6383467951314947
Placed,1,0,0.3802957174534759,0.17600618005644336
Not Placed,0,1,-0.712564780668487,-1.620264639270796
Not Placed,0,1,-0.8656848815393573,-0.7364934223557723
Not Placed,0,1,-0.2917639573301844,-1.330377176326439
Placed,1,3,1.6926491942093445,0.6138393291245535
Placed,1,1,2.183980422438805,-2.1955520060985316
Not Placed,0,0,0.048925013763575206,0.30967775437810946
Not Placed,0,1,-1.043990387252319,-0.6445154478192151
Placed,1,0,0.7348159141946866,2.9369303779032245
Placed,1,0,0.04916953355422923,3.0288472746616395
Placed,1,1,0.6101308818839382,-1.7688962644208206
Placed,1,0,-0.39368977363652713,1.0891547254927718
Not Placed,0,2,-3.4290999229141654,-1.6520258840772994
Not Placed,0,0,-0.5024136600837806,0.8007479196705429
Not Placed,0,0,0.05569347797780784,1.892316671692055
Not Placed,0,0,-1.1854219479450723,0.8430094268912481
Placed,1,0,1.521487967032655,0.6197214971219662
Placed,1,0,0.3222367754474852,1.1477557919464396
Placed,1,0,0.17364646292176,1.9653324188800494
Not Placed,0,3,3.1875546485466306,0.571119291264729
Placed,1,3,4.234079783552556,1.5599302939748467
Placed,1,1,0.9413433243419758,0.5025079117074723
Placed,1,0,0.951442557083208,-0.8871536245347156
Not Placed,0,0,-3.4745746238365833,1.9893286437300222
Not Placed,0,1,-0.9731534064287661,-0.8914852198678523
Placed,1,3,1.9454854593573376,-2.1100605151647214
Not Placed,0,1,1.0782342242959146,-2.5326488450026257
Placed,1,3,2.940649013837673,-0.36954503557671914
Placed,1,0,1.514784439262317,1.0093170425528855
Not Placed,0,3,2.2098442630664046,-1.7550729924845887
Placed,1,0,-0.8570593093538955,1.6399421214798942
Not Placed,0,1,-0.8200620950350125,-0.5725558467589279
Not Placed,0,0,0.26466525497068644,-0.21367891515163565
Placed,1,0,-0.2628271839758369,-0.476984644806988
Not Placed,0,1,-0.8135904011664464,-1.4739603099163225
Not Placed,0,2,-3.412817430633401,0.757866365970607
Not Placed,0,0,0.5941826058736647,0.48169210183682737
Not Placed,0,0,0.09431274688008677,0.8928745015642275
Placed,1,3,3.6424140980611597,0.07575545918631714
Placed,1,3,1.3831496053561485,-0.24014842595269964
Not Placed,0,1,0.09635485194215987,-2.0074405281808865
Not Placed,0,2,-1.402474025995253,0.9913869435833681
Placed,1,3,3.052800557598247,-0.48976796341955336
Not Placed,0,1,-0.2865558936289279,-1.050964105366758
Not Placed,0,1,0.4368220787907502,-2.7154435347690336
Not Placed,0,1,-0.4987641322947544,-0.2485334460169037
Not Placed,0,2,-2.313083245576254,-0.5220660428875091
Not Placed,0,1,-0.1908929621566323,0.4425123610614841
Placed,1,3,4.126712589685478,-0.009387940409862393
Not Placed,0,2,-3.08869938873269,0.49687031229182477
Not Placed,0,1,-2.0165086919378186,-1.1735196373779266
Not Placed,0,1,0.010427774818789046,-0.510233128754793
Not Placed,0,2,-1.8400293225616093,-1.6794999139929538
Not Placed,0,0,-3.547472853817771,1.9549781801588542
Not Placed,0,2,-3.577836892493668,-0.6790433335878856
Placed,1,3,5.3076810000113355,0.8235035067974817
Not Placed,0,0,0.5734808254944431,0.30918658456371656
Not Placed,0,1,-1.4348136626675148,-2.350567630797108
Not Placed,0,1,-2.3330289509166904,-1.6572296733521104
Placed,1,3,1.5018558765832677,-0.9752694431586307
Placed,1,3,4.099504727262009,0.31458163672672285
Not Placed,0,0,-0.44639389105297805,1.16973382000655
Not Placed,0,3,0.43229447280492256,-1.9552196511745867
Not Placed,0,3,1.1836311667383124,-1.2270443507158386
Not Placed,0,1,-0.10963802010890761,-2.0443471292897972
Placed,1,1,-0.20869158213663896,-0.14859659686094714
Placed,1,3,4.630139342472948,-0.723699899152602
Not Placed,0,0,-1.7011621199009528,1.9858283366817324
Not Placed,0,1,-0.7571022734182931,-0.32693937239076554
Not Placed,0,1,0.6039659978202382,-1.3080027231939004
Not Placed,0,0,-3.004330347067317,-0.3473236360341765
Placed,1,3,4.367100224007582,-1.4897764786118433
Placed,1,0,-0.5230227704396144,1.6673273475417552
Placed,1,3,0.36988104496760854,-0.9879779404680116
Placed,1,1,0.5422776472948597,-0.22339229978844738
Not Placed,0,3,0.5459989041132863,-0.7719746633116276
Not Placed,0,1,-2.384306250691739,-0.612209476394092
Not Placed,0,1,0.630230916647592,-0.5278329750431033
Not Placed,0,1,0.14993141219452627,-1.11201917485989
Placed,1,1,1.2845639418591646,-0.4785330964702702
Placed,1,0,-0.3163316044727145,2.3447274211101656
Placed,1,3,0.4764668969844527,-0.8734302706786424
Not Placed,0,3,0.8614143208530285,0.48072141430372
Not Placed,0,1,-1.6843696885640111,-1.2766222506613902
Placed,1,3,2.812092410960211,1.8351392379684208
Placed,1,0,1.0615328736877416,0.06052382935579119
Not Placed,0,2,-2.638047209226753,-1.5898900754696894
Not Placed,0,0,-2.72053418006531,1.4116704471475134
Not Placed,0,0,-1.6510191024884167,2.1094277191283926
Not Placed,0,2,-3.8543168284033515,0.3431326660888679
Not Placed,0,0,-0.9440340005481078,1.7938531682006018
Placed,1,1,0.05155127069302959,0.013434323589459075
Not Placed,0,2,-3.73622523794126,-1.1800948605358774
Placed,1,0,0.319035710374918,2.2147075154578504
Not Placed,0,1,-0.11113497264553544,-1.9795030417965673
Placed,1,3,1.9218951846261267,0.9729338036950052
Not Placed,0,0,-2.383207775914482,0.032161970038265326
Not Placed,0,2,-2.188130229483666,-0.5504583409693534
Placed,1,0,0.4713194976094942,0.3977284416382977
Not Placed,0,0,-2.2844983876432314,1.4245370433993756
Placed,1,3,1.760116763957066,-2.1492487979923762
Not Placed,0,0,0.5905887270445799,-1.962235906416622
Placed,1,3,2.7849777376540388,-3.5319201077729536
Not Placed,0,0,0.454290389489962,0.5740922326499268
Placed,1,0,0.8668391715664148,1.1349262332702323
Placed,1,3,1.861040589992973,-0.08270395748693245
Placed,1,0,-1.9637216905634665,3.3096110862612216
Placed,1,1,0.3434469385774065,0.5274342887824124
Not Placed,0,2,-2.9263558326938255,0.5680727298168039
Placed,1,0,1.0204010608684484,0.7496050818141322
Not Placed,0,1,-1.449127340231065,-2.231932496870223
Placed,1,3,3.938836772491373,0.5739504463949262
Not Placed,0,0,-1.617487875153029,0.8028509299132857
Not Placed,0,1,-0.10382200157860685,-2.3076153714094705
Not Placed,0,2,-2.7676317521483336,-1.486433168250261
Placed,1,0,2.150339031217936,1.6273062764184314
Placed,1,3,5.633371298752402,-1.3288828446685153
Placed,1,3,2.4986183606011534,-0.530760301664031
Placed,1,1,0.29036291791785496,-1.2375836903738147
Not Placed,0,1,-1.227770699006758,0.992602402003022
Not Placed,0,0,-2.1181905613061116,1.9913121376989997
Not Placed,0,0,-1.5763229298333548,1.8350116979279545
Placed,1,3,2.301728026275168,0.27608471784608174
Placed,1,0,-0.4812378359261181,1.107374410296255
Not Placed,0,2,-2.525734772441419,-1.5863826838701218
Not Placed,0,0,-2.1317824748433756,-1.3741552139319728
Not Placed,0,0,-2.020078951801022,-0.6859960617833092
Placed,1,3,1.368860816360667,-0.37067851965823034
Placed,1,1,0.9714887060431634,-0.047971483808663354
Not Placed,0,0,0.018212498476996276,1.294595356721426
Placed,1,1,1.0262765910171077,-1.3449940089473318
Not Placed,0,0,-1.1792533109242496,0.7040887711505401
Placed,1,3,3.023090808125646,-0.061022424947604105
Not Placed,0,2,-3.1853504872538716,1.4584859410940723
Not Placed,0,3,1.4400131043701938,-1.4213816674696786
Not Placed,0,2,-2.414429128891927,1.3509359167970967
Not Placed,0,0,-1.2066870947324049,0.9545573658440902
Placed,1,0,1.769729603123705,1.0334977304025568
Not Placed,0,1,-0.7732750996041129,-0.10210841189353805
Placed,1,3,1.4633293759688348,-0.25561683270576563
Placed,1,3,0.6570754159487249,0.45627273499736487
Not Placed,0,2,-2.6167466627035387,-2.4734855560813536
Placed,1,0,2.8703216240056495,0.8142604471729142
Placed,1,0,0.1652776789277698,1.087182865527233
Placed,1,0,-0.13370627349848327,0.6925337960023583
Not Placed,0,1,-1.7561731645971452,-2.2906159899153367
Not Placed,0,1,-1.100719803161293,-1.18986463268594
Not Placed,0,2,-2.929674766115813,-0.9093733138735947
Placed,1,3,1.9628226027070403,1.4840773569362709
Placed,1,0,2.1331051855871896,1.7123708967826312
Not Placed,0,1,0.053509984117617565,-0.7322195442019003
Placed,1,0,1.8742489760572405,1.9560310487075474
Placed,1,0,-0.27436074241232244,-0.07180510654540233
Not Placed,0,0,-1.1556439600940733,-0.1725858383970917
Placed,1,0,0.7665026853961576,1.9833143204097634
Not Placed,0,1,-1.3367601236674993,-0.02226488026998636
Not Placed,0,2,-2.8792239457068853,0.43228405601426045
Placed,1,0,0.8163130227341215,-0.1399827632796947
Placed,1,0,0.7599353820359865,0.5981680430515941
Not Placed,0,0,-2.185107588466805,1.1539177107095415
Placed,1,1,0.21911419496729034,-0.3849298210759704
Not Placed,0,2,-2.3245396382450467,1.096992000829523
Not Placed,0,2,-4.684577479149551,-2.2953002189947505
Not Placed,0,0,-0.5432326436162452,-0.6042767973457774
Not Placed,0,0,0.2794548488095466,0.37278458326067676
Not Placed,0,0,-0.7017591539494712,-1.0475654376283126
Not Placed,0,2,-3.5369734536901967,-1.68148919815813
Not Placed,0,2,-1.5283639165882683,0.4766352355089372
Not Placed,0,3,0.4887205199647808,-2.374440840954287
Not Placed,0,1,-0.3241959588432429,0.2960504555915327
Not Placed,0,1,-1.3054791912814363,-1.746426547201721
Placed,1,3,2.8585928295897887,1.329923598289906
Placed,1,3,2.0113088281748297,0.20228886058350828
Not Placed,0,2,-2.6548235950733865,-1.3036933156753694
Not Placed,0,1,-1.0315232920873372,-2.394882513194879
Not Placed,0,1,-0.7812957289924445,0.021925412175066498
Not Placed,0,0,0.4807539203327776,1.9942682454436247
Placed,1,3,2.468318282757774,0.5780308701693408
Not Placed,0,0,-0.06608209840582399,1.8357951275007602
Not Placed,0,2,-1.9236752680298395,0.7772076316968783
Not Placed,0,2,-1.4834539490178216,0.08440086869063489
Not Placed,0,0,-0.6481260455151081,0.9099694115739304
Not Placed,0,0,-0.22354002063278244,0.4024681763931319
Placed,1,0,0.5431191102789193,1.7798267017986746
Placed,1,0,1.5964020699553898,0.6785319077985418
Placed,1,3,2.23686523713747,-0.22241308854773134
Placed,1,3,5.532850582029854,-0.6178901916655233
Not Placed,0,0,0.28358761614297145,-0.4513885270121202
Not Placed,0,1,-0.480145421322326,-1.9571966404469465
Placed,1,0,-0.42889656768777773,0.14821593032984334
Placed,1,3,2.7411028673801776,-0.7691279772742897
Not Placed,0,0,-1.1791755489089533,-0.18453212576434747
Placed,1,3,1.1418623018968526,-1.3774491635407498
Placed,1,3,1.9027010663325787,-0.7788282573848074
Placed,1,3,1.388620891761434,-0.6980267775883487
Placed,1,1,-0.023608638665102905,0.14993057110733188
Not Placed,0,2,-1.9518959421111153,0.9380805745394666
Placed,1,0,0.8496672535278542,1.5316783255573798
Not Placed,0,0,-0.029530299949820153,1.781183545087056
Placed,1,0,-0.03152014692361607,2.4556223940472903
Placed,1,3,2.2353642253215753,-0.3257730526051375
Not Placed,0,0,-1.0737265469412312,1.6310517794887012
Not Placed,0,1,-0.14908014317087862,-0.24310412435128484
Placed,1,3,1.9748588015346222,1.0362886611359825
Not Placed,0,1,-0.4320465231440815,-0.6856812754160231
Not Placed,0,1,-0.47602025257465563,-0.021072930145873706
Not Placed,0,3,0.3425176281737762,0.22776557344545373
Placed,1,3,2.896391228334441,-0.5033706878075901
Placed,1,3,1.369796458595292,0.0777939326520315
Not Placed,0,3,-0.6205219839682834,-1.7282402091295754
Placed,1,3,1.3353356127265341,0.6400315236347984
Placed,1,0,-0.16991541141689173,0.29592381386856204
Not Placed,0,0,-1.3959188778827927,0.7271349385788071
Not Placed,0,2,-1.091328549944599,-0.004270198896181395
Placed,1,1,0.9974516700495683,0.11454704736799838
Not Placed,0,1,-0.09346749995405575,-0.8584249299200251
Not Placed,0,3,1.5696153764008192,-2.446830887061803
Not Placed,0,0,-0.8426391942799261,2.356879884708563
Not Placed,0,1,0.014989639409104838,-2.0198211518902536
Not Placed,0,0,0.04715333808180011,0.31137354180574794
Placed,1,3,2.9659210051263667,-1.1701130248927094
Not Placed,0,1,1.139025192694701,-2.3933481785065895
Not Placed,0,0,-0.6702214937305142,1.4090371939718869
Placed,1,0,2.2590966067098264,2.375896840603989
Not Placed,0,3,0.07032376457673437,-0.03446393054926173
Not Placed,0,1,0.7527429982534117,-0.7711991232431682
Not Placed,0,1,-1.0963428221644385,-2.2870485286328273
Not Placed,0,1,-1.9057861820211421,-2.5986071473300707
Not Placed,0,3,-0.3403940855104913,-0.9194388942237118
Not Placed,0,0,0.95164446492186,0.8457061222172987
Not Placed,0,0,1.1111163389993721,-0.5377694301091922
Not Placed,0,0,-1.6294842096210798,-0.6157104986099402
Not Placed,0,0,-2.9107938574748626,-0.6716564158014884
Placed,1,0,0.8894898793516139,2.164122229714756
Placed,1,0,0.49250352664870256,-0.7339145872403791
Not Placed,0,1,-2.316749905135204,-0.6525087779426385
Not Placed,0,0,-2.307184337156498,0.6382451113781413
Not Placed,0,1,-0.192952248911723,-2.594504403028979
Placed,1,3,3.191340457872777,-2.1103456563540797
Not Placed,0,2,-2.224929448078166,-1.0673272552418682
Not Placed,0,3,-0.011554364725334259,-1.6869351468443456
Not Placed,0,1,-0.9381063510328566,-1.7577170962555742
Not Placed,0,2,-4.7025762690547435,-0.4579474505046444
Placed,1,0,0.9237437650516522,1.6474624347275562
Placed,1,3,4.5317466802793085,-2.195000420870231
Placed,1,0,2.2110553162523923,0.8632310387391989
Not Placed,0,1,-0.549751512646644,-2.407915428587781
Not Placed,0,2,-3.29471383789308,-0.32666398735177066
Not Placed,0,1,-1.6210792240124037,-2.411824564119624
Not Placed,0,0,-1.3456002581016662,-0.28649075580092326
Placed,1,3,2.8319324165937285,-1.886761563330929
Placed,1,0,1.9151758076067262,1.7483804790133253
Not Placed,0,0,-2.29703320255001,-0.5603779755683675
Placed,1,0,0.9856943177020847,-0.3470706376024932
Not Placed,0,2,-1.5088056762713158,-0.9584746216209615
Placed,1,3,2.034328717406107,0.5710608997883386
Not Placed,0,3,0.8245230803647268,0.36813697123934774
Not Placed,0,2,-3.396431036334222,-0.24592832450241714
Placed,1,0,3.2606578131645136,0.7635595507462758
Placed,1,0,0.5856468979017184,1.854167645979028
Placed,1,1,1.215911989961575,0.09625323632233401
Not Placed,0,2,-3.73434481124758,-0.642049572837333
Placed,1,0,2.449122699865866,-0.00623907185012472
Not Placed,0,0,0.09112244715875649,0.21344887768213808
Placed,1,3,2.070426966925489,-1.5712147237877205
Not Placed,0,0,-0.9237642495477614,0.8834014053980154
Not Placed,0,1,-0.06183514103322894,-1.4814643639318748
Not Placed,0,0,-2.9205138568652056,0.9769140254032364
Placed,1,0,0.22161887061717714,0.8381228815524122
Placed,1,3,5.488881036509935,0.003780249999201912
Placed,1,0,2.794916195512843,0.5561959096524404
Not Placed,0,1,0.1287110651397188,-1.2008903986583306
Placed,1,0,0.5707814896071044,2.444998336192521
Placed,1,3,1.2062614439131278,-0.7449936408866623
Placed,1,3,1.8954863727832811,-0.758936360578325
Not Placed,0,1,-1.6039616176877671,-2.1255367770873015
Placed,1,1,0.7879992383114176,0.994365422583039
Not Placed,0,2,-2.8239437266882743,-0.7377206675092512
Not Placed,0,1,-1.4770406362321429,0.10147967587422481
Not Placed,0,2,-2.1701906076345465,1.3438248073505954
Not Placed,0,2,-4.087286443143833,-0.6936096096912439
Not Placed,0,1,0.1922940865698517,-2.5065492762038324
Placed,1,1,1.0368351483918274,0.1951735844592707
Not Placed,0,1,-0.36684127262759053,-0.4656719544964009
Not Placed,0,1,0.04589411770778176,0.39679020955786526
Placed,1,3,2.4387841171515325,0.41885556468842655
Placed,1,0,-0.5777123912001817,0.06340918924687995
Not Placed,0,0,-0.27531726113174404,2.3520868658140164
Placed,1,1,-0.21461573688623634,-0.10926606860940939
Not Placed,0,1,0.24073236711472448,-1.119983195923279
Placed,1,3,1.9361857463167254,-1.5616037120727462
Not Placed,0,0,-0.1636643114946392,1.2844656943836
Not Placed,0,0,-2.274065954234693,0.5889206897108973
Placed,1,3,2.385361980924182,-0.6139943153033866
Not Placed,0,1,-2.762914310156403,-0.12251552490959511
Not Placed,0,2,-2.5379541971098405,-2.587908123995467
Placed,1,1,-0.4870949438194172,0.9670204543590434
Placed,1,1,0.405879809122243,-1.8925304212197218
Placed,1,1,1.8813072540195683,-0.9029681513978709
Placed,1,3,2.322877238766312,0.16910269632162706
Not Placed,0,0,-1.4051494581652066,1.0306574411403047
Placed,1,1,0.3241644384820413,-0.08831045236481264
Not Placed,0,0,0.7518805485462041,-0.31309463695344164
Not Placed,0,1,1.0375745705345158,-2.4393348687364296
Not Placed,0,1,-0.9923582163301192,-0.6196206150971709
Not Placed,0,1,-0.6972818177186897,-0.08868325248152843
Not Placed,0,0,-1.0893968021439144,0.5794062214850392
Placed,1,0,2.11564239081905,0.8261179874459332
Placed,1,0,2.0741252451971963,0.3579533808201499
Not Placed,0,1,-0.40574645316282976,-0.25459265948253224
Placed,1,3,1.638830719395242,0.44220079727745265
Not Placed,0,0,-1.131783150213212,-0.2557777250324497
Placed,1,3,2.046764262146956,-0.4056694744417988
Placed,1,3,4.945607366706358,0.10564916550046378
Not Placed,0,0,0.20217886380479,-0.2752133879113733
Placed,1,1,-0.00460408199327264,0.9790718403972652
Not Placed,0,1,-1.719032456886956,-1.1736398889511763
Not Placed,0,0,-1.3042693346230314,1.3786462599962424
Placed,1,0,2.073958135134971,1.8152383158591736
Not Placed,0,1,0.09757914959912116,0.2803570437997425
Not Placed,0,2,-2.152961180835985,-0.7366275917176557
Not Placed,0,0,-1.2813607346229423,2.8731429402050566
Not Placed,0,2,-2.879746707807746,-1.171636798711132
Not Placed,0,0,-2.670878309306115,-0.760631674415413
Placed,1,0,-0.04818567134218325,1.9308164202473732
Not Placed,0,0,-2.3291256952843122,0.3758849654241734
Not Placed,0,0,-0.05305090355833127,-0.4324619203409595
Not Placed,0,0,-0.4332221253216758,0.7100321884959153
Not Placed,0,2,-3.393188258454323,-0.9070253348156971
Not Placed,0,1,-0.9616723001368261,-0.14231653379696682
Placed,1,3,1.9268725107956068,0.6871240357328445
Placed,1,0,1.6132894150706172,2.1687512688008224
Placed,1,0,3.060508853442546,2.191719749854708
Not Placed,0,0,-0.8889301279967406,0.2427843539426181
Not Placed,0,0,-0.32958491670997986,2.6671214056240546
Not Placed,0,0,0.4262130969845211,3.0721510891460375
Placed,1,3,1.549731994493184,-0.9579963581336446
Not Placed,0,1,-1.0311708862392002,-0.7991311548105652
Not Placed,0,0,1.6670916801921223,0.4869104470950731
Not Placed,0,2,-1.0934338374368424,0.6420027545387164
Not Placed,0,1,-0.8510786330668092,-2.110936316110843
Not Placed,0,1,-1.6079369896972011,0.2729697510166161
Not Placed,0,2,-2.149744543271354,-1.711973956918757
Placed,1,0,-2.6290343210611575,0.9967198422362825
Placed,1,0,0.5666386318032705,2.2315140953893127
Not Placed,0,1,-2.1241962906318603,-0.2844999494198837
Placed,1,3,2.197866442447855,0.40338476749425367
Placed,1,1,1.7538398128033785,-1.3371614366591154
Not Placed,0,3,2.9704675916344874,0.01696257501983301
Not Placed,0,1,-0.5761879862775626,-0.9156921143249516
Not Placed,0,1,-1.2751436378534138,-1.4275358666264144
Placed,1,3,1.941733708210288,-0.5772192763137992
Not Placed,0,0,0.09216810476322305,1.8333167600032843
Placed,1,0,1.0698779178718965,0.4937062800223596
Not Placed,0,0,-0.8089669634188323,2.550721995187625
Placed,1,3,2.843617494816654,-1.6833415520046007
Not Placed,0,0,-1.1747995157974425,2.6935786540590607
Not Placed,0,1,0.002869337344254262,-0.7962178146331655
Not Placed,0,0,-1.2589233751013853,1.644857687947749
Placed,1,1,0.5953894177407593,0.36469052310448524
Placed,1,3,0.8769721686529091,1.727546488132096
Placed,1,3,1.7058638239444657,-0.41931200611780023
Placed,1,0,-0.2373928736069571,-0.6766473306505847
Placed,1,3,1.6137371947094337,-1.5933275080509017
Not Placed,0,0,-2.376622029010716,0.14311368115892617
Placed,1,3,1.4294645781776991,-1.2332115669433668
Not Placed,0,1,-1.9734124315345902,-1.654534952165586
Not Placed,0,1,0.225171968990991,-1.129880560274893
Not Placed,0,1,-1.6208536277041703,-1.6354442540235483
Not Placed,0,2,-3.866948679607854,-1.475466472839318
Not Placed,0,2,-3.1717160599147687,-1.4849229402177073
Not Placed,0,2,-3.002761360304597,0.23817882838245655
Not Placed,0,2,-2.486726264067604,0.24515944791532288
Not Placed,0,0,-0.8797849856452545,-0.036963993523527715
Not Placed,0,0,-1.7799515466315219,0.18326882114227389
Placed,1,0,1.0979454247567424,-0.11832146970560282
Placed,1,0,2.6202663812667524,1.058524732084774
Placed,1,3,2.3102381641668335,-0.09250218067390988
Placed,1,3,2.251942279929007,-0.2905340874312356
Placed,1,0,0.23020737930133142,1.805547217360868
Not Placed,0,0,0.14445953465632064,-0.2311010515680547
Placed,1,3,1.7718221262510367,-0.140224834694392
Placed,1,3,1.5476644623531615,1.0671696027054693
Not Placed,0,2,-2.3549501931192167,1.1100234654582397
Placed,1,0,2.3234098287207314,1.2038286359186319
Not Placed,0,2,-3.1950713453910375,-1.979645641770932
Placed,1,0,-0.10516914107214612,1.7084508346191518
Placed,1,0,0.25706168679101044,0.1654048059723842
Not Placed,0,3,1.1469308874417445,0.231924022122147
Placed,1,1,1.6998136362156309,1.0924225534021463
Placed,1,1,1.7868516764098712,-0.2365003049108585
Not Placed,0,0,-1.5882078333360772,1.0651172549658146
Not Placed,0,0,0.363818658808846,0.22360981183450454
Placed,1,3,2.4665340681571943,-0.5974097591829628
Placed,1,3,3.157182042457073,-3.5612268435113252
Not Placed,0,0,0.3018759056044074,-0.8448854620104819
Not Placed,0,0,-0.11440292147286199,-1.707004568546396
Placed,1,0,-0.38830205751685176,0.5889196219641187
Placed,1,3,1.224078903461051,-0.8811277901140749
Placed,1,3,4.915164250767921,0.16156047818220312
Not Placed,0,0,-2.4947152998314777,0.277226197806843
Not Placed,0,3,0.21418711506551608,-2.3456196852713744
Not Placed,0,1,0.22030301866806248,-0.9935184458819888
Not Placed,0,1,0.7570998632164929,-1.044599307861962
Not Placed,0,2,-2.7727200734352584,0.009191147664336055
Placed,1,3,1.6119063025056013,-0.9702809657071413
Not Placed,0,0,-0.36298641854811514,-0.7145927026007356
Not Placed,0,0,-0.9364896928765952,0.9016861403131298
Not Placed,0,0,-0.705703142568935,0.662163865759797
Placed,1,0,1.6801960597061796,0.33581287971256035
Not Placed,0,0,-0.030797238972605955,2.0155355677942435
Not Placed,0,1,0.2884872951780872,-0.21748832700295248
Not Placed,0,0,-2.0169975912583413,-0.459918770424394
Not Placed,0,0,1.1866326603701254,0.18194184441716826
Not Placed,0,2,-2.620639218982459,0.7184109830488814
Placed,1,1,1.724691496334878,-1.633127059734812
Not Placed,0,2,-1.6954094455760294,-1.5915730798215282
Not Placed,0,0,-1.4042942460409467,0.27948997017403604
Not Placed,0,2,-2.2564698149353237,-1.1552138113131631
Placed,1,0,2.4283856913208646,1.0295383733053654
Not Placed,0,0,-0.786991790722843,1.1727738410452324
Not Placed,0,3,1.0769218038513078,-1.906001816218402
Placed,1,0,2.5073910195215783,0.7801653229762533
Placed,1,0,1.156502789023171,1.9847556975884517
Not Placed,0,1,-0.10624192709743308,-0.6683306775725691
Not Placed,0,0,-1.6619681022171908,2.120433595103102
Not Placed,0,1,-0.3280529069599161,-0.3192898971118437
Placed,1,0,-0.18338231652253137,1.8559825930803564
Not Placed,0,3,-0.46118955883215107,-2.2770098465761026
Placed,1,0,0.7035524514705654,0.5520039071907219
Not Placed,0,1,-0.23892588340786552,-0.6705182506735313
Not Placed,0,0,-0.19017983592464718,-0.7582499941177457
Not Placed,0,0,-2.6616215455126784,-0.5353836375150743
Not Placed,0,2,-1.546934685966681,-1.7720412668541463
Not Placed,0,0,-0.08120584183083994,1.0239890451949873
Placed,1,0,0.12380884126910463,2.2391779146703867
Placed,1,3,1.0110243867852222,0.49781931618175923
Not Placed,0,2,-4.2613244200332225,-2.151498160927305
Placed,1,2,-1.0254334720840133,0.4583818038091577
Placed,1,1,-0.7371559659240783,-0.6300308807705898
Not Placed,0,0,-0.6443779255978491,0.6238194001577579
Placed,1,3,0.6211746263477406,-0.4671495289857895
Not Placed,0,3,0.2986933599011291,-1.2252081385020244
Placed,1,0,-0.14505169526227985,1.854071648405667
Placed,1,1,1.7160925694316234,-1.470081024521931
Placed,1,0,-0.49959016238415505,1.566154839101798
Placed,1,0,0.8387315678244266,0.229372179528799
Not Placed,0,2,-3.0746441072755566,-0.5027037680549941
Placed,1,0,0.15050916996322153,3.3547202226391653
Placed,1,1,1.2689359979283996,-0.03496789721781134
Not Placed,0,1,-0.06421135599749189,-0.6859074967684766
Not Placed,0,0,-0.9569837309276679,1.5850920650275584
Not Placed,0,1,0.10558715288694986,-0.695400763526568
Placed,1,3,2.534230523584001,-2.2439290292543435
Placed,1,1,0.589423729280624,0.6408591609131392
Not Placed,0,0,-2.043641947575458,-0.12196291462305534
Placed,1,3,2.6826609287532963,-0.9514534339522702
Not Placed,0,1,0.6291867629342047,-2.4228349274700673
Not Placed,0,1,-2.2211961283665715,0.3744458238493213
Not Placed,0,1,-0.2217446313485342,-0.917126571195363
Not Placed,0,0,-1.1437170983964158,0.05550814423810614
Placed,1,1,0.41615808252529907,-0.03447240847577995
Not Placed,0,1,-0.051107595832615704,-0.2745646818961823
Placed,1,0,-0.41155216605802986,1.879650873579098
Placed,1,0,2.0453363789183645,3.8315334897526943
Not Placed,0,1,0.28826115864378554,-0.3454608272315588
Not Placed,0,0,-1.6607309560040342,2.958111885201962
Not Placed,0,0,-2.5301944705833743,1.0952998894939243
Placed,1,1,-0.3771973369056662,-0.8919337289603955
Not Placed,0,0,-4.304719698953696,0.003102599797377981
Not Placed,0,0,-2.6307234220919105,-2.5095842855173727
Not Placed,0,0,-1.3824424364910368,1.5616341045629782
Not Placed,0,1,-0.900908115327142,0.1494690653982262
Not Placed,0,1,-0.7521302853813024,0.7945048872822377
Placed,1,0,-0.351725267889997,3.3656756371932857
Placed,1,0,0.20932397600474695,-0.5492051954402368
Placed,1,0,2.2760650186821625,3.2619825960410957
Not Placed,0,0,-0.22631099142316186,0.6047046038226856
Placed,1,1,2.2629657904522236,-0.24798480514380583
Not Placed,0,2,-2.5105392927608188,-0.6214225709832811
Not Placed,0,0,-1.3039408831784223,3.455593066934724
Not Placed,0,2,-2.9412408299301775,0.01000635503472315
Not Placed,0,0,-1.1840959627474923,-0.5769626174219851
Not Placed,0,3,2.249732275306325,0.20640089882530632
Placed,1,2,-3.459450269448335,0.30295778448062793
Not Placed,0,2,-2.159221153876502,-0.33863096518006436
Placed,1,0,0.4221803669125354,1.9631626115831144
Placed,1,0,1.2639211008051245,-0.1483475208182618
Not Placed,0,1,-0.9036131018244548,-1.4344250849915303
Not Placed,0,1,-1.413388032943964,-0.8763499971616121
Placed,1,0,-0.07740135230930816,1.1185880507519361
Placed,1,3,2.783757144805786,-2.6282742708243383
Placed,1,0,1.1857627728988736,0.30863249628473377
Placed,1,0,0.7302120459961207,1.2041652236291351
Placed,1,3,3.0079292738651766,-0.5117453993818668
Not Placed,0,0,-1.820219759481695,-0.015188147511319547
Placed,1,0,1.774463822337955,0.364470496493372
Not Placed,0,3,2.6333881480964534,-0.6559508412825796
Not Placed,0,1,-1.614900349851122,-0.7761351962188056
Not Placed,0,2,-3.360640693994405,0.8726114144463334
Not Placed,0,1,-1.632000171577464,-0.7159795937375492
Not Placed,0,3,0.4529923981368244,-0.0024094325550022807
Placed,1,0,-0.4691472447108779,1.6913793898804157
Placed,1,0,-0.7766830435048673,1.963744543785758
Placed,1,3,2.262847013230221,-1.5194811275107754
Not Placed,0,0,-1.4585476577657337,0.324059806804115
Not Placed,0,3,1.3811729388297096,-2.109775783912991
Not Placed,0,1,-0.2767115292083168,-1.5345579105674334
Not Placed,0,0,-0.38763955225665925,1.4284321298961191
Placed,1,0,2.001955477744557,1.059827547006362
Not Placed,0,1,-0.8582462033301795,-0.2535137157675253
Not Placed,0,0,-0.30526607562187064,0.6109039894529991
Not Placed,0,2,-1.721772731370758,0.7812572424606028
Placed,1,3,2.116723282611971,0.8718249629062109
Not Placed,0,1,-0.8692432969290301,-2.071643403308906
Placed,1,3,1.0748382546391637,-0.11377296638588999
Placed,1,3,2.5842387143189813,0.7314520785361934
Not Placed,0,3,0.920093184511712,-1.3932807462710393
Placed,1,1,1.2965281557439243,-0.4446849151186081
Placed,1,3,0.612897101071951,0.022062444112062526
Not Placed,0,2,-3.0803839934307558,-0.0326558620903844
Not Placed,0,0,-0.8258385221982589,1.2474626014808734
Placed,1,0,-0.15517656670322774,0.3389630096058675
Not Placed,0,0,0.4349072286688668,0.4409939021294557
Not Placed,0,0,-0.14322823817196279,-0.294102773332457
Not Placed,0,2,-3.9693527024537016,-1.6518446954095418
Placed,1,1,-0.6749531776423201,-0.8402391476197242
Not Placed,0,0,-1.5182221217456167,0.601429585611176
Not Placed,0,2,-1.2159300891502909,0.8425679893738054
Placed,1,3,1.2184221770752732,-0.7132882306217785
Not Placed,0,0,-1.057411919116875,1.45994137131657
Not Placed,0,1,-0.7737065995216701,-0.751019511798376
Not Placed,0,2,-3.248954838983713,-0.26173865420645837
Placed,1,3,1.9946439118851054,-1.470017723561567
Placed,1,3,1.3974807678095853,-1.6880165084638192
Not Placed,0,1,0.41369817979441814,-3.0983572222801885
Not Placed,0,0,0.11203901926851809,2.4458112117028925
Not Placed,0,2,-2.993383026762005,1.100574880489034
Not Placed,0,1,-1.0803192926319276,-3.7760400871022672
Not Placed,0,0,-0.9329069073175822,2.562368339321279
Placed,1,3,4.314222841686897,1.0458123819713214
Placed,1,0,2.427259883851022,1.3618678125315915
Placed,1,3,3.256298842695475,-0.29735520035503915
Placed,1,0,2.3063358458149383,1.8459213638821828
Not Placed,0,0,-0.8172388823686303,1.3818796787672027
Not Placed,0,3,1.4667065838071873,-1.0850637698843058
Not Placed,0,1,-1.3239268500280799,-2.606757903035097
Placed,1,3,1.6464323525954243,0.4208474463809026
Not Placed,0,0,-3.9837949677806246,0.8739545775130261
Not Placed,0,1,0.8823781142298823,-0.10157239444247691
Not Placed,0,0,-0.95934498339449,3.3178211197384058
Placed,1,3,3.416166735098815,0.3713722824934229
Not Placed,0,2,-1.889695303149269,0.5182855735163576
Not Placed,0,2,-1.399282073042064,-1.4827790146211923
Placed,1,3,2.6485706103447155,-0.584943121795975
Placed,1,0,1.0722935790293657,0.6194329360634896
Not Placed,0,2,-3.002124579003289,0.72604623057528
Placed,1,3,3.423520533231506,-0.7251771032631772
Placed,1,3,2.7947581163910233,-0.09845441044589973
Not Placed,0,0,-0.9744656711190718,1.495970070910466
Not Placed,0,1,-1.1690760891364296,-0.5507509872385542
Not Placed,0,0,-2.0991557993265237,2.427427594706321
Not Placed,0,0,-0.9060669794346909,-0.33021954802071796
Not Placed,0,1,-1.5260983273982003,-0.90853381561253
Not Placed,0,0,-1.1452455604231577,0.5706361290226594
Not Placed,0,0,-0.18576242275843602,1.0589240984505421
Not Placed,0,0,-1.0001985624575112,0.8082945578410001
Not Placed,0,0,-0.3790707663809856,0.584393069326164
Placed,1,0,2.3939520840775823,0.45073887131636753
Not Placed,0,1,-0.8981362917121142,-2.278458239492925
Placed,1,3,2.3090447803917034,-0.2927053214238861
Placed,1,3,0.5134353314179384,-1.0032975376504218
Placed,1,0,-0.11422998409817883,2.984722808319917
Placed,1,0,-2.880949210888668,0.7686351249236709
Not Placed,0,0,-1.269249681053127,-0.5361222757069644
Not Placed,0,1,0.6763868833693463,-0.42433652909998143
Not Placed,0,1,-0.6037212643820589,-0.4685352291604219
Not Placed,0,0,-0.6842704114923739,-0.39118170162217686
Not Placed,0,1,-0.7765246051497795,-2.6063210555216503
Not Placed,0,2,-3.5713998908547424,0.5228959949710696
Not Placed,0,0,-3.0335922274113845,-0.30227492773062253
Placed,1,3,4.929891178466538,-0.7454020284128655
Not Placed,0,1,0.6381421750550151,-1.2615119765989657
Not Placed,0,0,-2.7064353029359944,1.0331457416148326
Placed,1,3,2.2651088764625844,-0.7691635500624565
Not Placed,0,1,0.43359805428941983,-1.9349649690704802
Placed,1,0,0.5615221815965169,-0.381832313516518
Not Placed,0,2,-2.4097086067540343,2.0579344095311343
Not Placed,0,3,2.480590857053121,-0.9924728486199533
Not Placed,0,1,0.9336276436939718,-0.31988112716039785
Placed,1,3,0.6673498172246677,-0.5224842321200006
Not Placed,0,1,-1.4366544724361665,-1.1490465892742119
Placed,1,0,0.19275276166689598,0.8685399348500938
Placed,1,3,1.6254114170005811,-0.42152706765618236
Placed,1,3,1.7873503840952434,-0.8506066206690998
Not Placed,0,0,-0.3144243127660606,0.43143643187651026
Placed,1,3,2.1623351802410995,0.07206073638448589
Placed,1,0,3.173000356040472,1.5120427102699643
Not Placed,0,1,-0.5640433240911842,-1.2887706747595065
Placed,1,3,2.0006172897527033,-0.3682656169185172
Placed,1,0,0.9276383930057872,1.7377167137995957
Not Placed,0,1,-0.6614369227701928,-0.762405638009484
Not Placed,0,0,-1.833214894944379,1.0700007569676535
Not Placed,0,0,-0.692836833404759,1.8178025791633268
Placed,1,0,1.2095303077707515,0.9325662855403963
Not Placed,0,2,-3.609584329531958,0.08636434962468768
Not Placed,0,0,-0.27208850082219654,0.16206005018091973
Placed,1,0,-0.8614579399319439,1.0101826106113752
Not Placed,0,3,1.4185861128757413,-1.5903010639102408
Not Placed,0,0,0.21236035250580373,1.0054207951393588
Not Placed,0,2,-3.0585534460183457,-1.4105209835910923
Not Placed,0,0,0.3229009902270689,0.45804964969780027
Placed,1,3,1.3879690450455895,-1.3241189145205567
Not Placed,0,1,-0.3393019640566669,-3.0109485361960697
Not Placed,0,0,-1.565604918195586,-1.1180096246268205
Not Placed,0,1,-1.0231379816895279,0.5094512812495022
Not Placed,0,3,0.9014878448602389,0.05589293177891712
Not Placed,0,2,-3.062572263100998,-2.2748550779147556
Placed,1,0,0.39906704865528564,0.850062913154837
Placed,1,1,0.10233107841852351,0.15463891232280733
Placed,1,3,1.9713278250489081,-1.8561407915509895
Not Placed,0,3,0.29264212962511527,-0.05429332309260952
Not Placed,0,1,-0.05557363890445074,-0.4948182653095441
Not Placed,0,1,-1.4124178520091957,-1.5773276943211827
Not Placed,0,0,-2.602723934328892,1.7257162701033557
Placed,1,1,0.4691240542954643,-1.06615667974009
Not Placed,0,1,-1.510591454676329,0.5584802435691184
Not Placed,0,1,-1.227319572819363,-1.0707186712076056
Not Placed,0,3,0.939862848318403,-1.3737573055346497
Not Placed,0,0,-1.883015092117403,1.8280822761875908
Not Placed,0,2,-2.9410415654537823,1.2480736932923782
Placed,1,0,0.2695618843042928,2.2948287781082186
Not Placed,0,3,1.410823426163295,-1.8842550656119275
Not Placed,0,0,-2.693547084581843,-0.07759526228928539
Not Placed,0,3,2.2093165003123896,-2.5637462157004878
Placed,1,3,1.3022656528793901,1.2763084797999462
Not Placed,0,2,-2.4199584016245685,-0.32499650521475515
Not Placed,0,1,0.2429160826417051,-1.3795012213162443
Placed,1,3,3.156192255945189,-2.280977016522089
Placed,1,3,2.628037876094336,-3.053210729276857
Placed,1,0,1.3607710365485126,-0.02606930103470194
Not Placed,0,0,0.5847195753661383,0.5427672971960705
Not Placed,0,2,-3.1888295480937763,-0.7627190918016509
Not Placed,0,0,-2.7232003138623733,0.0542171586796998
Placed,1,3,2.2308592010235806,0.5857277031948792
